,GEO.display-label,VET_GROUP.display-label,All firms,PCT_Firms with less than 2 years in business,PCT_Firms with 2 to 3 years in business,PCT_Firms with 4 to 5 years in business,PCT_Firms with 6 to 10 years in business,PCT_Firms with 11 to 15 years in business,PCT_Firms with 16 or more years in business
6,Alaska,All firms,15467,100.0,100.0,100.0,100.0,100.0,100.0
7,Alaska,"All firms classifiable by gender, ethnicity, race, and veteran status",13636,96.4401294498,93.4012875536,90.9287257019,94.9446604846,88.2389257601,47.4503025065
8,Alaska,Equally veteran-/nonveteran-owned,677,4.85436893204,4.34549356223,0.0,3.79898294945,5.52554406544,4.32152117545
9,Alaska,Nonveteran-owned,11540,76.9417475728,83.9055793991,80.3455723542,82.9793598564,71.9092452539,41.1408815903
10,Alaska,"Publicly held and other firms not classifiable by gender, ethnicity, race, and veteran status",1831,3.55987055016,6.59871244635,9.07127429806,5.02542626383,11.7456397592,52.5496974935
11,Alaska,Veteran-owned,1420,14.644012945,5.15021459227,10.5111591073,8.1962309303,10.8041364408,1.98789974071
