,GEO.display-label,VET_GROUP.display-label,All firms,PCT_Firms with less than 2 years in business,PCT_Firms with 2 to 3 years in business,PCT_Firms with 4 to 5 years in business,PCT_Firms with 6 to 10 years in business,PCT_Firms with 11 to 15 years in business,PCT_Firms with 16 or more years in business
18,Arkansas,All firms,46509,100.0,100.0,100.0,100.0,100.0,100.0
19,Arkansas,"All firms classifiable by gender, ethnicity, race, and veteran status",42201,97.1515486726,97.7110419337,95.3207150368,95.8281444583,90.7066276803,54.1186635945
20,Arkansas,Equally veteran-/nonveteran-owned,2616,5.39269911504,3.77220289324,2.26077812829,5.2303860523,7.00292397661,5.38594470046
21,Arkansas,Nonveteran-owned,35426,82.3561946903,89.2876762498,83.5173501577,84.3295973433,71.9736842105,43.1739631336
22,Arkansas,"Publicly held and other firms not classifiable by gender, ethnicity, race, and veteran status",4308,2.82079646018,2.28895806629,4.6792849632,4.17185554172,9.29337231969,45.8813364055
23,Arkansas,Veteran-owned,4160,9.40265486726,4.6511627907,9.54258675079,6.25778331258,11.7300194932,5.55875576037
