,GEO.display-label,SEX.display-label,All firms,PCT_Firms with less than 2 years in business,PCT_Firms with 2 to 3 years in business,PCT_Firms with 4 to 5 years in business,PCT_Firms with 6 to 10 years in business,PCT_Firms with 11 to 15 years in business,PCT_Firms with 16 or more years in business
18,Arkansas,All firms,46509,100.0,100.0,100.0,100.0,100.0,100.0
19,Arkansas,"All firms classifiable by gender, ethnicity, race, and veteran status",42201,97.1515486726,97.7110419337,95.3207150368,95.8281444583,90.7066276803,54.1186635945
20,Arkansas,Equally male-/female-owned,8666,17.0907079646,25.3067203809,12.4868559411,19.6139476961,19.8586744639,6.48041474654
21,Arkansas,Female-owned,6971,15.9015486726,17.0115363487,18.8748685594,16.9157326692,13.7621832359,8.4965437788
22,Arkansas,Male-owned,26564,64.1316371681,55.3927852042,63.9589905363,59.2880863429,57.0857699805,39.1417050691
23,Arkansas,"Publicly held and other firms not classifiable by gender, ethnicity, race, and veteran status",4308,2.82079646018,2.28895806629,4.6792849632,4.17185554172,9.29337231969,45.8813364055
