,GEO.display-label,VET_GROUP.display-label,All firms,PCT_Firms with less than 2 years in business,PCT_Firms with 2 to 3 years in business,PCT_Firms with 4 to 5 years in business,PCT_Firms with 6 to 10 years in business,PCT_Firms with 11 to 15 years in business,PCT_Firms with 16 or more years in business
30,Colorado,All firms,122432,100.0,100.0,100.0,100.0,100.0,100.0
31,Colorado,"All firms classifiable by gender, ethnicity, race, and veteran status",113691,96.488309768,96.8701283127,95.2309362733,96.0444683522,93.5715605181,52.2662889518
32,Colorado,Equally veteran-/nonveteran-owned,3302,2.01460123833,1.89471159611,2.79796208135,2.32741617357,3.35378994684,2.36071765817
33,Colorado,Nonveteran-owned,100233,86.7941964698,88.008154455,84.2228347114,87.1077640308,80.3883335728,41.2968209002
34,Colorado,"Publicly held and other firms not classifiable by gender, ethnicity, race, and veteran status",8740,3.51169023196,3.12987168725,4.76906372672,3.95553164784,6.42843948195,47.7337110482
35,Colorado,Veteran-owned,10156,7.6702707698,6.96726226166,8.2101394805,6.60928814775,9.83148950145,8.62448851117
