,GEO.display-label,SEX.display-label,All firms,PCT_Firms with less than 2 years in business,PCT_Firms with 2 to 3 years in business,PCT_Firms with 4 to 5 years in business,PCT_Firms with 6 to 10 years in business,PCT_Firms with 11 to 15 years in business,PCT_Firms with 16 or more years in business
36,Connecticut,All firms,67920,100.0,100.0,100.0,100.0,100.0,100.0
37,Connecticut,"All firms classifiable by gender, ethnicity, race, and veteran status",61988,97.113022113,94.5817490494,96.6393278656,95.7432821103,92.6747630332,52.9200927683
38,Connecticut,Equally male-/female-owned,5588,5.99918099918,9.70939706681,10.9421884377,9.94329854548,7.93838862559,3.01496942863
39,Connecticut,Female-owned,11483,24.7338247338,21.5100488865,20.4840968194,19.3853233626,14.61492891,7.9063883618
40,Connecticut,Male-owned,44916,66.3595413595,63.3623030961,65.2330466093,66.4146602022,70.1244075829,42.0198186802
41,Connecticut,"Publicly held and other firms not classifiable by gender, ethnicity, race, and veteran status",5932,2.88697788698,5.43183052689,3.36067213443,4.25671788972,7.32523696682,47.0799072317
