,GEO.display-label,SEX.display-label,All firms,PCT_Firms with less than 2 years in business,PCT_Firms with 2 to 3 years in business,PCT_Firms with 4 to 5 years in business,PCT_Firms with 6 to 10 years in business,PCT_Firms with 11 to 15 years in business,PCT_Firms with 16 or more years in business
60,Georgia,All firms,159271,100.0,100.0,100.0,100.0,100.0,100.0
61,Georgia,"All firms classifiable by gender, ethnicity, race, and veteran status",149340,97.8480740263,97.6048179478,96.0410557185,96.8496746947,94.4602428946,58.0497880204
62,Georgia,Equally male-/female-owned,17561,12.100997059,9.56693637367,12.7820986867,12.2902636685,11.0056717309,5.17447548647
63,Georgia,Female-owned,33341,27.4370561653,26.5079073189,26.9794721408,23.8357493437,16.9272101683,4.25046200674
64,Georgia,Male-owned,98438,58.310020802,61.5299742552,56.279484891,60.726515238,66.5273609955,48.6248505272
65,Georgia,"Publicly held and other firms not classifiable by gender, ethnicity, race, and veteran status",9931,2.15192597375,2.39518205223,3.95894428152,3.15032530533,5.53975710537,41.9502119796
