,GEO.display-label,VET_GROUP.display-label,All firms,PCT_Firms with less than 2 years in business,PCT_Firms with 2 to 3 years in business,PCT_Firms with 4 to 5 years in business,PCT_Firms with 6 to 10 years in business,PCT_Firms with 11 to 15 years in business,PCT_Firms with 16 or more years in business
66,Hawaii,All firms,23250,100.0,100.0,100.0,100.0,100.0,100.0
67,Hawaii,"All firms classifiable by gender, ethnicity, race, and veteran status",20860,98.1212121212,98.13972716,98.4683794466,96.0430009149,90.2114692031,46.2953500255
68,Hawaii,Equally veteran-/nonveteran-owned,565,3.75757575758,1.90161223646,1.08695652174,2.72186642269,2.84421460892,0.357690342361
69,Hawaii,Nonveteran-owned,18692,88.7878787879,91.4427449359,91.6501976285,87.3055809698,79.3702096223,38.2728666326
70,Hawaii,"Publicly held and other firms not classifiable by gender, ethnicity, race, and veteran status",2390,1.87878787879,1.86027284002,1.53162055336,3.95699908509,9.78853079693,53.7046499745
71,Hawaii,Veteran-owned,1602,5.63636363636,4.75403059115,5.68181818182,6.01555352242,7.99704497183,7.71589167092
