,GEO.display-label,SEX.display-label,All firms,PCT_Firms with less than 2 years in business,PCT_Firms with 2 to 3 years in business,PCT_Firms with 4 to 5 years in business,PCT_Firms with 6 to 10 years in business,PCT_Firms with 11 to 15 years in business,PCT_Firms with 16 or more years in business
66,Hawaii,All firms,23250,100.0,100.0,100.0,100.0,100.0,100.0
67,Hawaii,"All firms classifiable by gender, ethnicity, race, and veteran status",20860,98.1212121212,98.13972716,98.4683794466,96.0430009149,90.2114692031,46.2953500255
68,Hawaii,Equally male-/female-owned,3306,20.7272727273,16.7424555601,13.5375494071,13.5864592864,14.4981069351,6.18293306081
69,Hawaii,Female-owned,5031,23.2121212121,30.5084745763,20.0098814229,28.9569990851,18.7090220704,10.9351047522
70,Hawaii,Male-owned,12523,54.1818181818,50.8887970236,64.9209486166,53.4995425435,57.0043401976,29.1773122126
71,Hawaii,"Publicly held and other firms not classifiable by gender, ethnicity, race, and veteran status",2390,1.87878787879,1.86027284002,1.53162055336,3.95699908509,9.78853079693,53.7046499745
