,GEO.display-label,VET_GROUP.display-label,All firms,PCT_Firms with less than 2 years in business,PCT_Firms with 2 to 3 years in business,PCT_Firms with 4 to 5 years in business,PCT_Firms with 6 to 10 years in business,PCT_Firms with 11 to 15 years in business,PCT_Firms with 16 or more years in business
84,Indiana,All firms,100200,100.0,100.0,100.0,100.0,100.0,100.0
85,Indiana,"All firms classifiable by gender, ethnicity, race, and veteran status",92052,97.7722119694,96.372865713,96.2023780636,96.0343547874,92.5093790836,58.9016461475
86,Indiana,Equally veteran-/nonveteran-owned,3316,3.1109939362,0.618366405168,2.08687211842,2.78337397943,4.54200564853,2.22714068336
87,Indiana,Nonveteran-owned,80937,85.4205114685,88.5094600831,87.5272991992,87.7425511611,78.7231800363,51.9020611426
88,Indiana,"Publicly held and other firms not classifiable by gender, ethnicity, race, and veteran status",8148,2.22778803058,3.62713428703,3.79762193642,3.9656452126,7.48851325718,41.0983538525
89,Indiana,Veteran-owned,7800,9.24070656472,7.24503922473,6.58820674594,5.50842964691,9.24419339881,4.78627749343
