,GEO.display-label,VET_GROUP.display-label,All firms,PCT_Firms with less than 2 years in business,PCT_Firms with 2 to 3 years in business,PCT_Firms with 4 to 5 years in business,PCT_Firms with 6 to 10 years in business,PCT_Firms with 11 to 15 years in business,PCT_Firms with 16 or more years in business
96,Kansas,All firms,55600,100.0,100.0,100.0,100.0,100.0,100.0
97,Kansas,"All firms classifiable by gender, ethnicity, race, and veteran status",50365,97.4196689387,95.5488113303,95.6832923283,94.8078533544,91.6359210376,52.7393879566
98,Kansas,Equally veteran-/nonveteran-owned,2114,2.72638753651,2.20873377171,2.32610154328,3.5730901647,4.67840705945,3.8005923001
99,Kansas,Nonveteran-owned,43720,86.3437195716,88.1807452369,88.9733840304,84.414255141,76.573732456,43.4353405726
100,Kansas,"Publicly held and other firms not classifiable by gender, ethnicity, race, and veteran status",5235,2.58033106134,4.4511886697,4.31670767166,5.19214664558,8.36027537941,47.2852912142
101,Kansas,Veteran-owned,4531,8.34956183057,5.17619288484,4.40617311563,6.81120312645,10.3837815222,5.47877591313
