,GEO.display-label,VET_GROUP.display-label,All firms,PCT_Firms with less than 2 years in business,PCT_Firms with 2 to 3 years in business,PCT_Firms with 4 to 5 years in business,PCT_Firms with 6 to 10 years in business,PCT_Firms with 11 to 15 years in business,PCT_Firms with 16 or more years in business
102,Kentucky,All firms,63771,100.0,100.0,100.0,100.0,100.0,100.0
103,Kentucky,"All firms classifiable by gender, ethnicity, race, and veteran status",58541,97.1909074108,98.0352026197,97.3844641101,95.7113507961,93.3930875263,51.0709087128
104,Kentucky,Equally veteran-/nonveteran-owned,2445,1.44150803918,1.4735980352,2.93018682399,5.0162643383,4.76675493991,2.49532127261
105,Kentucky,Nonveteran-owned,50942,91.1846239142,91.7724109701,86.3126843658,82.4687553501,78.519046649,44.3335412768
106,Kentucky,"Publicly held and other firms not classifiable by gender, ethnicity, race, and veteran status",5230,2.80909258917,1.96479738027,2.63520157325,4.2886492039,6.60691247369,48.9290912872
107,Kentucky,Veteran-owned,5154,4.5647754574,4.77554918816,8.14159292035,8.22633110769,10.1072859374,4.26284050738
