,GEO.display-label,SEX.display-label,All firms,PCT_Firms with less than 2 years in business,PCT_Firms with 2 to 3 years in business,PCT_Firms with 4 to 5 years in business,PCT_Firms with 6 to 10 years in business,PCT_Firms with 11 to 15 years in business,PCT_Firms with 16 or more years in business
108,Louisiana,All firms,76494,100.0,100.0,100.0,100.0,100.0,100.0
109,Louisiana,"All firms classifiable by gender, ethnicity, race, and veteran status",70992,97.6921771593,97.7146814404,96.4873925084,96.1750100658,93.5917357274,60.6971597197
110,Louisiana,Equally male-/female-owned,11124,14.5766163245,18.8596491228,16.6156536948,15.454301436,14.1344383057,5.07192917743
111,Louisiana,Female-owned,13452,24.3678941117,17.9016620499,22.8829616674,19.6081062945,15.6480202578,9.84876429362
112,Louisiana,Male-owned,46417,58.7306974376,60.9649122807,56.9887771462,61.1126023353,63.8121546961,45.7580228698
113,Louisiana,"Publicly held and other firms not classifiable by gender, ethnicity, race, and veteran status",5502,2.30782284066,2.27377654663,3.51260749162,3.82498993424,6.40826427256,39.3028402803
