,GEO.display-label,VET_GROUP.display-label,All firms,PCT_Firms with less than 2 years in business,PCT_Firms with 2 to 3 years in business,PCT_Firms with 4 to 5 years in business,PCT_Firms with 6 to 10 years in business,PCT_Firms with 11 to 15 years in business,PCT_Firms with 16 or more years in business
108,Louisiana,All firms,76494,100.0,100.0,100.0,100.0,100.0,100.0
109,Louisiana,"All firms classifiable by gender, ethnicity, race, and veteran status",70992,97.6921771593,97.7146814404,96.4873925084,96.1750100658,93.5917357274,60.6971597197
110,Louisiana,Equally veteran-/nonveteran-owned,2988,3.00356354997,4.01662049861,5.101297187,3.44920144947,4.29903314917,1.95499815566
111,Louisiana,Nonveteran-owned,61163,88.2572543696,84.1297322253,83.5738230579,85.9951684338,78.4501611418,52.7665068241
112,Louisiana,"Publicly held and other firms not classifiable by gender, ethnicity, race, and veteran status",5502,2.30782284066,2.27377654663,3.51260749162,3.82498993424,6.40826427256,39.3028402803
113,Louisiana,Veteran-owned,6841,6.43135923978,9.56832871653,7.82684739834,6.73064018253,10.8454189687,5.99409811878
