,GEO.display-label,VET_GROUP.display-label,All firms,PCT_Firms with less than 2 years in business,PCT_Firms with 2 to 3 years in business,PCT_Firms with 4 to 5 years in business,PCT_Firms with 6 to 10 years in business,PCT_Firms with 11 to 15 years in business,PCT_Firms with 16 or more years in business
126,Massachusetts,All firms,130710,100.0,100.0,100.0,100.0,100.0,100.0
127,Massachusetts,"All firms classifiable by gender, ethnicity, race, and veteran status",120143,97.0916994411,96.7203299627,95.5723438845,96.3191185472,91.9138054698,53.1281606704
128,Massachusetts,Equally veteran-/nonveteran-owned,2546,1.33512730284,1.72964342735,1.74046093526,1.32625994695,2.33417532042,2.22511197804
129,Massachusetts,Nonveteran-owned,107397,89.0498861519,89.4491750931,87.807210481,88.6268108549,79.977858858,45.5858979916
130,Massachusetts,"Publicly held and other firms not classifiable by gender, ethnicity, race, and veteran status",10567,2.90830055889,3.27967003725,4.42765611552,3.67680065293,8.0861945302,46.8573905505
131,Massachusetts,Veteran-owned,10200,6.70668598634,5.54151144226,6.0246724682,6.37012854519,9.60333052671,5.31715070077
