,GEO.display-label,VET_GROUP.display-label,All firms,PCT_Firms with less than 2 years in business,PCT_Firms with 2 to 3 years in business,PCT_Firms with 4 to 5 years in business,PCT_Firms with 6 to 10 years in business,PCT_Firms with 11 to 15 years in business,PCT_Firms with 16 or more years in business
132,Michigan,All firms,161794,100.0,100.0,100.0,100.0,100.0,100.0
133,Michigan,"All firms classifiable by gender, ethnicity, race, and veteran status",151342,98.2576646004,97.6850306066,95.8738625667,96.4285714286,94.1795382721,62.7109921779
134,Michigan,Equally veteran-/nonveteran-owned,3793,1.63343943709,2.07568169171,1.50611860684,2.79772786628,2.57135967306,1.54384520379
135,Michigan,Nonveteran-owned,136049,92.2265036019,90.5564830273,89.3787260747,88.384695743,82.3596603673,55.6504734459
136,Michigan,"Publicly held and other firms not classifiable by gender, ethnicity, race, and veteran status",10452,1.74233539956,2.31496939343,4.12613743332,3.57142857143,5.82046172786,37.2890078221
137,Michigan,Veteran-owned,11500,4.3977215614,5.05286588759,4.98901788516,5.24614781927,9.24851823178,5.52696582956
