,GEO.display-label,SEX.display-label,All firms,PCT_Firms with less than 2 years in business,PCT_Firms with 2 to 3 years in business,PCT_Firms with 4 to 5 years in business,PCT_Firms with 6 to 10 years in business,PCT_Firms with 11 to 15 years in business,PCT_Firms with 16 or more years in business
144,Mississippi,All firms,40444,100.0,100.0,100.0,100.0,100.0,100.0
145,Mississippi,"All firms classifiable by gender, ethnicity, race, and veteran status",36714,98.078242965,98.5844947735,95.7679786919,94.8951686418,91.6123471422,54.2822677925
146,Mississippi,Equally male-/female-owned,4480,9.91763898421,16.0932055749,8.87836638059,12.019794244,11.1081182998,5.03618817853
147,Mississippi,Female-owned,6759,26.6986959506,16.0278745645,22.0775377331,17.1636931892,14.9652534612,12.1531966224
148,Mississippi,Male-owned,25475,61.4619080302,66.4416376307,64.8120745783,65.7116812085,65.5389753811,37.123039807
149,Mississippi,"Publicly held and other firms not classifiable by gender, ethnicity, race, and veteran status",3730,1.921757035,1.43728222997,4.23202130808,5.10483135825,8.38765285784,45.7177322075
