,GEO.display-label,VET_GROUP.display-label,All firms,PCT_Firms with less than 2 years in business,PCT_Firms with 2 to 3 years in business,PCT_Firms with 4 to 5 years in business,PCT_Firms with 6 to 10 years in business,PCT_Firms with 11 to 15 years in business,PCT_Firms with 16 or more years in business
156,Montana,All firms,30458,100.0,100.0,100.0,100.0,100.0,100.0
157,Montana,"All firms classifiable by gender, ethnicity, race, and veteran status",27847,96.9899665552,94.848311391,97.7272727273,96.3785046729,91.3707095525,48.6206896552
158,Montana,Equally veteran-/nonveteran-owned,1497,1.37959866221,3.80652547224,5.36833855799,3.72371495327,6.73069763979,2.01149425287
159,Montana,Nonveteran-owned,23785,85.3260869565,84.8025186033,81.1520376176,84.5502336449,75.9064849974,41.6666666667
160,Montana,"Publicly held and other firms not classifiable by gender, ethnicity, race, and veteran status",2611,3.01003344482,5.15168860904,2.31191222571,3.6214953271,8.62184498548,51.3793103448
161,Montana,Veteran-owned,2565,10.3260869565,6.2392673154,11.2068965517,8.10455607477,8.73352691535,4.94252873563
