,GEO.display-label,VET_GROUP.display-label,All firms,PCT_Firms with less than 2 years in business,PCT_Firms with 2 to 3 years in business,PCT_Firms with 4 to 5 years in business,PCT_Firms with 6 to 10 years in business,PCT_Firms with 11 to 15 years in business,PCT_Firms with 16 or more years in business
162,Nebraska,All firms,41574,100.0,100.0,100.0,100.0,100.0,100.0
163,Nebraska,"All firms classifiable by gender, ethnicity, race, and veteran status",38089,98.3028720627,95.7246887479,98.2512953368,96.0984893541,92.8615196078,53.6377952756
164,Nebraska,Equally veteran-/nonveteran-owned,1677,0.195822454308,0.516795865633,3.52979274611,4.63899131676,5.71895424837,0.913385826772
165,Nebraska,Nonveteran-owned,33159,89.4582245431,91.1674888419,89.4106217617,86.7610324729,77.1956699346,42.9606299213
166,Nebraska,"Publicly held and other firms not classifiable by gender, ethnicity, race, and veteran status",3485,1.66449086162,4.27531125206,1.71632124352,3.91340549542,7.13848039216,46.3307086614
167,Nebraska,Veteran-owned,3253,8.68146214099,4.0404040404,5.31088082902,4.68657071488,9.94689542484,9.76377952756
