,GEO.display-label,SEX.display-label,All firms,PCT_Firms with less than 2 years in business,PCT_Firms with 2 to 3 years in business,PCT_Firms with 4 to 5 years in business,PCT_Firms with 6 to 10 years in business,PCT_Firms with 11 to 15 years in business,PCT_Firms with 16 or more years in business
162,Nebraska,All firms,41574,100.0,100.0,100.0,100.0,100.0,100.0
163,Nebraska,"All firms classifiable by gender, ethnicity, race, and veteran status",38089,98.3028720627,95.7246887479,98.2512953368,96.0984893541,92.8615196078,53.6377952756
164,Nebraska,Equally male-/female-owned,8975,20.1697127937,20.3194738078,25.4857512953,26.0378256215,21.9311683007,6.92913385827
165,Nebraska,Female-owned,6633,21.6710182768,19.8261686634,18.1347150259,17.4616391103,14.6190767974,7.37007874016
166,Nebraska,Male-owned,22482,56.4621409922,55.5555555556,54.6308290155,52.5990246223,56.316380719,39.3385826772
167,Nebraska,"Publicly held and other firms not classifiable by gender, ethnicity, race, and veteran status",3485,1.66449086162,4.27531125206,1.71632124352,3.91340549542,7.13848039216,46.3307086614
