,GEO.display-label,SEX.display-label,All firms,PCT_Firms with less than 2 years in business,PCT_Firms with 2 to 3 years in business,PCT_Firms with 4 to 5 years in business,PCT_Firms with 6 to 10 years in business,PCT_Firms with 11 to 15 years in business,PCT_Firms with 16 or more years in business
174,New Hampshire,All firms,28920,100.0,100.0,100.0,100.0,100.0,100.0
175,New Hampshire,"All firms classifiable by gender, ethnicity, race, and veteran status",26102,97.164258962,98.3509234828,96.9368520264,95.8427947598,92.1582580232,38.2436260623
176,New Hampshire,Equally male-/female-owned,3368,8.7747458534,13.4234828496,12.8180961357,12.6812227074,11.8195403117,6.56279508971
177,New Hampshire,Female-owned,5007,17.2284644195,19.0963060686,21.9604147031,21.0131004367,16.8789582296,3.11614730878
178,New Hampshire,Male-owned,17727,71.1610486891,65.8311345646,62.1583411876,62.1659388646,63.459759482,28.611898017
179,New Hampshire,"Publicly held and other firms not classifiable by gender, ethnicity, race, and veteran status",2818,2.83574103799,1.64907651715,3.11027332705,4.15720524017,7.8417419768,61.7563739377
