,GEO.display-label,VET_GROUP.display-label,All firms,PCT_Firms with less than 2 years in business,PCT_Firms with 2 to 3 years in business,PCT_Firms with 4 to 5 years in business,PCT_Firms with 6 to 10 years in business,PCT_Firms with 11 to 15 years in business,PCT_Firms with 16 or more years in business
186,New Mexico,All firms,32755,100.0,100.0,100.0,100.0,100.0,100.0
187,New Mexico,"All firms classifiable by gender, ethnicity, race, and veteran status",29480,98.4429065744,96.5308102863,94.2335766423,95.348115987,91.6763958519,44.5178849145
188,New Mexico,Equally veteran-/nonveteran-owned,1134,4.62802768166,4.68219311014,2.55474452555,0.790820282214,4.86917107342,0.155520995334
189,New Mexico,Nonveteran-owned,25383,85.1211072664,83.5516739447,77.4817518248,84.8038455575,78.2569878442,38.2581648523
190,New Mexico,"Publicly held and other firms not classifiable by gender, ethnicity, race, and veteran status",3276,1.55709342561,3.46918971373,5.76642335766,4.63637773298,8.32360414807,55.4821150855
191,New Mexico,Veteran-owned,2962,8.6937716263,8.27268316351,14.197080292,9.75345014731,8.55023693428,6.10419906687
