,GEO.display-label,VET_GROUP.display-label,All firms,PCT_Firms with less than 2 years in business,PCT_Firms with 2 to 3 years in business,PCT_Firms with 4 to 5 years in business,PCT_Firms with 6 to 10 years in business,PCT_Firms with 11 to 15 years in business,PCT_Firms with 16 or more years in business
204,North Dakota,All firms,20702,100.0,100.0,100.0,100.0,100.0,100.0
205,North Dakota,"All firms classifiable by gender, ethnicity, race, and veteran status",18663,95.9649122807,97.753164557,95.2319587629,96.7177242888,89.9587651844,51.2416717141
206,North Dakota,Equally veteran-/nonveteran-owned,667,0.526315789474,3.73417721519,3.73711340206,3.39168490153,3.51053159478,2.60448213204
207,North Dakota,Nonveteran-owned,16705,91.8128654971,88.8607594937,87.9510309278,85.6126914661,79.2154240499,43.8522107813
208,North Dakota,"Publicly held and other firms not classifiable by gender, ethnicity, race, and veteran status",2039,4.0350877193,2.24683544304,4.76804123711,3.28227571116,10.0412348156,48.7583282859
209,North Dakota,Veteran-owned,1291,3.68421052632,5.1582278481,3.54381443299,7.71334792123,7.23280953973,4.78497880073
