,GEO.display-label,VET_GROUP.display-label,All firms,PCT_Firms with less than 2 years in business,PCT_Firms with 2 to 3 years in business,PCT_Firms with 4 to 5 years in business,PCT_Firms with 6 to 10 years in business,PCT_Firms with 11 to 15 years in business,PCT_Firms with 16 or more years in business
210,Ohio,All firms,172674,100.0,100.0,100.0,100.0,100.0,100.0
211,Ohio,"All firms classifiable by gender, ethnicity, race, and veteran status",159493,97.3479197746,96.7661013252,95.6528574798,96.1263788816,92.8018940569,62.0905673886
212,Ohio,Equally veteran-/nonveteran-owned,4738,1.87303165921,1.95779026013,2.64130178445,3.16266020532,2.98819662334,2.01360300698
213,Ohio,Nonveteran-owned,140572,88.9607160617,86.3990838196,87.5717317821,86.1091627877,80.1572251146,54.6089135493
214,Ohio,"Publicly held and other firms not classifiable by gender, ethnicity, race, and veteran status",13181,2.65208022543,3.23389867481,4.34714252024,3.87362111841,7.19810594306,37.9094326114
215,Ohio,Veteran-owned,14183,6.5141720537,8.41468070022,5.43982391321,6.85455588854,9.65647231896,5.46805083229
