,GEO.display-label,SEX.display-label,All firms,PCT_Firms with less than 2 years in business,PCT_Firms with 2 to 3 years in business,PCT_Firms with 4 to 5 years in business,PCT_Firms with 6 to 10 years in business,PCT_Firms with 11 to 15 years in business,PCT_Firms with 16 or more years in business
216,Oklahoma,All firms,68159,100.0,100.0,100.0,100.0,100.0,100.0
217,Oklahoma,"All firms classifiable by gender, ethnicity, race, and veteran status",63229,96.0294117647,97.0180066521,97.1229003825,96.9176636172,93.7807377049,55.0489323843
218,Oklahoma,Equally male-/female-owned,11620,21.3419117647,15.6325266659,22.301679694,19.4722026742,16.4515027322,3.80338078292
219,Oklahoma,Female-owned,11660,18.75,21.5506365409,17.8945617828,19.563687544,15.2390710383,9.85320284698
220,Oklahoma,Male-owned,39949,55.9558823529,59.8233742402,56.9266589057,57.8888106967,62.0867486339,41.3923487544
221,Oklahoma,"Publicly held and other firms not classifiable by gender, ethnicity, race, and veteran status",4930,3.97058823529,2.98199334786,2.8770996175,3.08233638283,6.21926229508,44.9510676157
