,GEO.display-label,VET_GROUP.display-label,All firms,PCT_Firms with less than 2 years in business,PCT_Firms with 2 to 3 years in business,PCT_Firms with 4 to 5 years in business,PCT_Firms with 6 to 10 years in business,PCT_Firms with 11 to 15 years in business,PCT_Firms with 16 or more years in business
228,Pennsylvania,All firms,212828,100.0,100.0,100.0,100.0,100.0,100.0
229,Pennsylvania,"All firms classifiable by gender, ethnicity, race, and veteran status",197466,97.6625612502,97.4139414802,96.7299037202,95.9614490839,92.4662055506,62.5911141965
230,Pennsylvania,Equally veteran-/nonveteran-owned,4981,1.15878691564,1.99225473322,1.1052241782,1.69027176439,3.1130117001,1.77889621659
231,Pennsylvania,Nonveteran-owned,175920,90.0609190836,88.9070567986,91.2778442431,88.6108461143,79.6161830688,53.687955571
232,Pennsylvania,"Publicly held and other firms not classifiable by gender, ethnicity, race, and veteran status",15363,2.33743874983,2.58605851979,3.27009627984,4.03610479196,7.53379444939,37.4088858035
233,Pennsylvania,Veteran-owned,16565,6.44285525096,6.51893287435,4.34683529881,5.66033120521,9.73796745401,7.12426240889
