,GEO.display-label,VET_GROUP.display-label,All firms,PCT_Firms with less than 2 years in business,PCT_Firms with 2 to 3 years in business,PCT_Firms with 4 to 5 years in business,PCT_Firms with 6 to 10 years in business,PCT_Firms with 11 to 15 years in business,PCT_Firms with 16 or more years in business
234,Rhode Island,All firms,22757,100.0,100.0,100.0,100.0,100.0,100.0
235,Rhode Island,"All firms classifiable by gender, ethnicity, race, and veteran status",20647,96.066252588,96.6233766234,98.1053878034,96.8864917872,92.6865541073,45.5
236,Rhode Island,Equally veteran-/nonveteran-owned,989,1.5873015873,4.28571428571,0.355239786856,3.92253003187,6.10620243198,0.222222222222
237,Rhode Island,Nonveteran-owned,17826,89.8550724638,87.4891774892,92.2439313203,87.4233880853,75.8988714898,39.0555555556
238,Rhode Island,"Publicly held and other firms not classifiable by gender, ethnicity, race, and veteran status",2110,3.93374741201,3.33333333333,1.89461219657,3.0889924001,7.31344589275,54.5
239,Rhode Island,Veteran-owned,1832,4.62387853692,4.89177489177,5.50621669627,5.56508948272,10.6727320444,6.22222222222
