,GEO.display-label,VET_GROUP.display-label,All firms,PCT_Firms with less than 2 years in business,PCT_Firms with 2 to 3 years in business,PCT_Firms with 4 to 5 years in business,PCT_Firms with 6 to 10 years in business,PCT_Firms with 11 to 15 years in business,PCT_Firms with 16 or more years in business
246,South Dakota,All firms,21568,100.0,100.0,100.0,100.0,100.0,100.0
247,South Dakota,"All firms classifiable by gender, ethnicity, race, and veteran status",19530,99.6144949884,98.1818181818,96.1147638972,96.6729589429,90.7315128563,51.1774842045
248,South Dakota,Equally veteran-/nonveteran-owned,1316,1.46491904395,5.53191489362,6.03705917513,6.98442661633,7.54434921268,0.0
249,South Dakota,Nonveteran-owned,16182,84.965304549,82.9013539652,82.606096832,82.6569136385,71.9752840343,47.6163124641
250,South Dakota,"Publicly held and other firms not classifiable by gender, ethnicity, race, and veteran status",2038,0.308404009252,1.81818181818,3.88523610281,3.3270410571,9.26848714371,48.8799540494
251,South Dakota,Veteran-owned,2032,13.1071703932,9.78723404255,7.47160789002,7.03161868806,11.2019134941,3.5037334865
