,GEO.display-label,VET_GROUP.display-label,All firms,PCT_Firms with less than 2 years in business,PCT_Firms with 2 to 3 years in business,PCT_Firms with 4 to 5 years in business,PCT_Firms with 6 to 10 years in business,PCT_Firms with 11 to 15 years in business,PCT_Firms with 16 or more years in business
240,South Carolina,All firms,72059,100.0,100.0,100.0,100.0,100.0,100.0
241,South Carolina,"All firms classifiable by gender, ethnicity, race, and veteran status",66852,97.9531140658,96.1046066309,96.5201180674,96.5063460254,94.5466469913,56.1380350745
242,South Carolina,Equally veteran-/nonveteran-owned,2302,4.16375087474,1.43341722289,1.92636321268,2.1910487642,4.55812428267,1.69715255516
243,South Carolina,Nonveteran-owned,57497,86.3191042687,89.1016522595,84.5735591114,85.5043420174,77.7274963109,46.6339807656
244,South Carolina,"Publicly held and other firms not classifiable by gender, ethnicity, race, and veteran status",5207,2.02939118265,3.89539336908,3.47988193258,3.49365397462,5.45335300869,43.8619649255
245,South Carolina,Veteran-owned,7054,7.47025892232,5.56953714848,10.0201957434,8.81095524382,12.2610263978,7.82575900434
