,GEO.display-label,SEX.display-label,All firms,PCT_Firms with less than 2 years in business,PCT_Firms with 2 to 3 years in business,PCT_Firms with 4 to 5 years in business,PCT_Firms with 6 to 10 years in business,PCT_Firms with 11 to 15 years in business,PCT_Firms with 16 or more years in business
252,Tennessee,All firms,88354,100.0,100.0,100.0,100.0,100.0,100.0
253,Tennessee,"All firms classifiable by gender, ethnicity, race, and veteran status",81054,97.2058410559,97.4344978166,96.3943183198,95.6104252401,92.91104981,55.0433122889
254,Tennessee,Equally male-/female-owned,10914,13.4934007301,13.9465065502,14.1799198737,14.1706924316,11.6978087753,5.57921010131
255,Tennessee,Female-owned,15130,19.2221286156,21.7430858806,21.8890372709,16.6517564263,16.421173164,6.82719130818
256,Tennessee,Male-owned,55011,64.4762707105,61.7540029112,60.3253611752,64.782012286,64.7920678707,42.6222287476
257,Tennessee,"Publicly held and other firms not classifiable by gender, ethnicity, race, and veteran status",7300,2.79415894412,2.55640465793,3.60568168022,4.38957475995,7.08895018998,44.9566877111
