,GEO.display-label,VET_GROUP.display-label,All firms,PCT_Firms with less than 2 years in business,PCT_Firms with 2 to 3 years in business,PCT_Firms with 4 to 5 years in business,PCT_Firms with 6 to 10 years in business,PCT_Firms with 11 to 15 years in business,PCT_Firms with 16 or more years in business
258,Texas,All firms,387504,100.0,100.0,100.0,100.0,100.0,100.0
259,Texas,"All firms classifiable by gender, ethnicity, race, and veteran status",364527,96.2567381221,96.7832070134,96.7313508065,96.4539356268,93.5497591875,66.2654228107
260,Texas,Equally veteran-/nonveteran-owned,12225,2.93594082989,3.12248960916,2.56804435484,2.89494738138,3.57619620982,2.59404152874
261,Texas,Nonveteran-owned,322634,88.0882537295,87.7702490308,87.6864919355,87.0170472029,80.0681865773,56.5332530846
262,Texas,"Publicly held and other firms not classifiable by gender, ethnicity, race, and veteran status",22977,3.7432618779,3.21679298662,3.26864919355,3.54606437319,6.45024081248,33.7345771893
263,Texas,Veteran-owned,29668,5.23254356274,5.89046837344,6.47933467742,6.54194104253,9.90537640038,7.13812819741
