,GEO.display-label,VET_GROUP.display-label,All firms,PCT_Firms with less than 2 years in business,PCT_Firms with 2 to 3 years in business,PCT_Firms with 4 to 5 years in business,PCT_Firms with 6 to 10 years in business,PCT_Firms with 11 to 15 years in business,PCT_Firms with 16 or more years in business
264,Utah,All firms,58085,100.0,100.0,100.0,100.0,100.0,100.0
265,Utah,"All firms classifiable by gender, ethnicity, race, and veteran status",54524,97.2680705748,97.9286132241,96.9617520049,96.895948703,95.1011610248,55.6743421053
266,Utah,Equally veteran-/nonveteran-owned,1408,1.51773856953,2.45757753072,3.3004318322,2.10580005829,2.78743937687,1.23355263158
267,Utah,Nonveteran-owned,49771,91.6334661355,91.3867758923,88.9574336829,89.8498979889,84.7940038211,47.2587719298
268,Utah,"Publicly held and other firms not classifiable by gender, ethnicity, race, and veteran status",3562,2.73192942516,2.08308952604,3.02282541641,3.104051297,4.89883897516,44.3256578947
269,Utah,Veteran-owned,3344,4.11686586985,4.08425980105,4.70388648982,4.94025065579,7.51971782688,7.15460526316
