,GEO.display-label,VET_GROUP.display-label,All firms,PCT_Firms with less than 2 years in business,PCT_Firms with 2 to 3 years in business,PCT_Firms with 4 to 5 years in business,PCT_Firms with 6 to 10 years in business,PCT_Firms with 11 to 15 years in business,PCT_Firms with 16 or more years in business
270,Vermont,All firms,17259,100.0,100.0,100.0,100.0,100.0,100.0
271,Vermont,"All firms classifiable by gender, ethnicity, race, and veteran status",15013,91.0433979686,94.8412698413,95.7779515246,93.2680151707,88.5766927683,47.2041612484
272,Vermont,Equally veteran-/nonveteran-owned,598,3.69344413666,4.36507936508,1.09460516028,2.74968394437,3.78857669277,4.03120936281
273,Vermont,Nonveteran-owned,13191,82.4561403509,82.208994709,84.5973416732,87.4209860936,76.3242745279,37.6462938882
274,Vermont,"Publicly held and other firms not classifiable by gender, ethnicity, race, and veteran status",2246,8.95660203139,5.15873015873,4.22204847537,6.76359039191,11.4233072317,52.7958387516
275,Vermont,Veteran-owned,1224,4.89381348107,8.2671957672,10.0860046912,3.06573957016,8.46384154767,5.5266579974
