,GEO.display-label,SEX.display-label,All firms,PCT_Firms with less than 2 years in business,PCT_Firms with 2 to 3 years in business,PCT_Firms with 4 to 5 years in business,PCT_Firms with 6 to 10 years in business,PCT_Firms with 11 to 15 years in business,PCT_Firms with 16 or more years in business
276,Virginia,All firms,138881,100.0,100.0,100.0,100.0,100.0,100.0
277,Virginia,"All firms classifiable by gender, ethnicity, race, and veteran status",129426,97.8447877162,98.6207682663,96.3615504384,96.5798691428,92.7750054242,61.0217364608
278,Virginia,Equally male-/female-owned,16591,9.67533068171,11.2390288385,12.1281652053,14.5099464675,11.9615468064,6.58234066069
279,Virginia,Female-owned,28874,25.4833040422,25.5898780349,23.8056215685,24.1490978785,18.0483001485,7.40513324328
280,Virginia,Male-owned,83961,62.6954028305,61.7975606976,60.4195689585,57.924129271,62.7668274446,47.0465430431
281,Virginia,"Publicly held and other firms not classifiable by gender, ethnicity, race, and veteran status",9455,2.14596244566,1.37353242904,3.63844956158,3.41682638292,7.22499457583,38.9782635392
