,GEO.display-label,VET_GROUP.display-label,All firms,PCT_Firms with less than 2 years in business,PCT_Firms with 2 to 3 years in business,PCT_Firms with 4 to 5 years in business,PCT_Firms with 6 to 10 years in business,PCT_Firms with 11 to 15 years in business,PCT_Firms with 16 or more years in business
276,Virginia,All firms,138881,100.0,100.0,100.0,100.0,100.0,100.0
277,Virginia,"All firms classifiable by gender, ethnicity, race, and veteran status",129426,97.8447877162,98.6207682663,96.3615504384,96.5798691428,92.7750054242,61.0217364608
278,Virginia,Equally veteran-/nonveteran-owned,4509,2.89519933401,2.70716972529,1.58157830042,3.21194897892,4.08732079376,1.31401203488
279,Virginia,Nonveteran-owned,110585,82.3975580427,87.142368631,85.7739900025,84.7399378759,76.8279453244,52.1061034017
280,Virginia,"Publicly held and other firms not classifiable by gender, ethnicity, race, and veteran status",9455,2.14596244566,1.37353242904,3.63844956158,3.41682638292,7.22499457583,38.9782635392
281,Virginia,Veteran-owned,14332,12.5520303395,8.77692921464,9.00598213554,8.62798228802,11.859739306,7.60162102419
