,GEO.display-label,VET_GROUP.display-label,All firms,PCT_Firms with less than 2 years in business,PCT_Firms with 2 to 3 years in business,PCT_Firms with 4 to 5 years in business,PCT_Firms with 6 to 10 years in business,PCT_Firms with 11 to 15 years in business,PCT_Firms with 16 or more years in business
282,Washington,All firms,137117,100.0,100.0,100.0,100.0,100.0,100.0
283,Washington,"All firms classifiable by gender, ethnicity, race, and veteran status",127622,96.5750631982,97.0751553137,96.2899244521,96.3329007354,92.9961576267,58.4991082453
284,Washington,Equally veteran-/nonveteran-owned,6048,2.8622686129,3.45813403706,2.42351709178,3.94329639613,5.79572871057,4.33529976677
285,Washington,Nonveteran-owned,112449,89.0728206801,87.6133927099,88.1965741641,86.5728261955,79.0420873917,48.7721223762
286,Washington,"Publicly held and other firms not classifiable by gender, ethnicity, race, and veteran status",9495,3.43309141319,2.92484468635,3.71755553893,3.66709926458,7.00562952372,41.4871724516
287,Washington,Veteran-owned,9125,4.63997390524,6.00912639507,5.66235320518,5.81345046754,8.15655437405,5.39168610235
