,GEO.display-label,SEX.display-label,All firms,PCT_Firms with less than 2 years in business,PCT_Firms with 2 to 3 years in business,PCT_Firms with 4 to 5 years in business,PCT_Firms with 6 to 10 years in business,PCT_Firms with 11 to 15 years in business,PCT_Firms with 16 or more years in business
282,Washington,All firms,137117,100.0,100.0,100.0,100.0,100.0,100.0
283,Washington,"All firms classifiable by gender, ethnicity, race, and veteran status",127622,96.5750631982,97.0751553137,96.2899244521,96.3329007354,92.9961576267,58.4991082453
284,Washington,Equally male-/female-owned,30412,22.3273261029,22.0902743416,19.4629366445,24.601510765,22.7915289072,12.470846481
285,Washington,Female-owned,27483,27.7012150371,26.0542085876,25.9032089161,20.4086386476,16.5132695916,7.01056386336
286,Washington,Male-owned,69726,46.5465220582,48.9361702128,50.9162989004,51.3227513228,53.6895719775,39.031417204
287,Washington,"Publicly held and other firms not classifiable by gender, ethnicity, race, and veteran status",9495,3.43309141319,2.92484468635,3.71755553893,3.66709926458,7.00562952372,41.4871724516
