,GEO.display-label,VET_GROUP.display-label,All firms,PCT_Firms with less than 2 years in business,PCT_Firms with 2 to 3 years in business,PCT_Firms with 4 to 5 years in business,PCT_Firms with 6 to 10 years in business,PCT_Firms with 11 to 15 years in business,PCT_Firms with 16 or more years in business
288,West Virginia,All firms,25193,100.0,100.0,100.0,100.0,100.0,100.0
289,West Virginia,"All firms classifiable by gender, ethnicity, race, and veteran status",22385,96.2671905697,96.7579908676,96.2199312715,94.1029143898,90.1498929336,54.8215018465
290,West Virginia,Equally veteran-/nonveteran-owned,913,5.30451866405,6.43835616438,0.0981836033382,4.09836065574,4.02093742565,0.0410340582684
291,West Virginia,Nonveteran-owned,19383,83.6280288147,83.2420091324,87.8252331861,81.6029143898,76.9371084146,49.6512105047
292,West Virginia,"Publicly held and other firms not classifiable by gender, ethnicity, race, and veteran status",2808,3.73280943026,3.24200913242,3.82916053019,5.8970856102,9.85010706638,45.1784981535
293,West Virginia,Veteran-owned,2089,7.33464309103,7.07762557078,8.29651448208,8.40163934426,9.19184709335,5.12925728355
