,GEO.display-label,SEX.display-label,All firms,PCT_Firms with less than 2 years in business,PCT_Firms with 2 to 3 years in business,PCT_Firms with 4 to 5 years in business,PCT_Firms with 6 to 10 years in business,PCT_Firms with 11 to 15 years in business,PCT_Firms with 16 or more years in business
288,West Virginia,All firms,25193,100.0,100.0,100.0,100.0,100.0,100.0
289,West Virginia,"All firms classifiable by gender, ethnicity, race, and veteran status",22385,96.2671905697,96.7579908676,96.2199312715,94.1029143898,90.1498929336,54.8215018465
290,West Virginia,Equally male-/female-owned,3219,14.5383104126,14.7488584475,15.8075601375,15.7103825137,12.4910778016,3.56996306935
291,West Virginia,Female-owned,4469,21.4800261952,23.7442922374,26.853215513,19.3533697632,16.3533983662,6.60648338121
292,West Virginia,Male-owned,14698,60.248853962,58.3105022831,53.5100638193,59.0391621129,61.3054167658,44.645055396
293,West Virginia,"Publicly held and other firms not classifiable by gender, ethnicity, race, and veteran status",2808,3.73280943026,3.24200913242,3.82916053019,5.8970856102,9.85010706638,45.1784981535
