,GEO.display-label,SEX.display-label,All firms,PCT_Firms with less than 2 years in business,PCT_Firms with 2 to 3 years in business,PCT_Firms with 4 to 5 years in business,PCT_Firms with 6 to 10 years in business,PCT_Firms with 11 to 15 years in business,PCT_Firms with 16 or more years in business
294,Wisconsin,All firms,103497,100.0,100.0,100.0,100.0,100.0,100.0
295,Wisconsin,"All firms classifiable by gender, ethnicity, race, and veteran status",95638,97.4230493916,96.9185475957,95.9188814712,96.7014064555,92.8675679828,59.135349832
296,Wisconsin,Equally male-/female-owned,18846,15.4473872584,16.8007850834,18.6547424109,17.9550743701,20.3314641266,6.70638557898
297,Wisconsin,Female-owned,16839,22.3049391553,21.8449460255,20.3929965991,20.5403217646,13.337302197,6.59945004583
298,Wisconsin,Male-owned,59953,59.6707229778,58.2728164868,56.8837385061,58.2009511282,59.2007220771,45.8295142071
299,Wisconsin,"Publicly held and other firms not classifiable by gender, ethnicity, race, and veteran status",7859,2.57695060845,3.08145240432,4.08111852878,3.29859354447,7.13051159932,40.864650168
