,GEO.display-label,VET_GROUP.display-label,All firms,PCT_Firms with less than 2 years in business,PCT_Firms with 2 to 3 years in business,PCT_Firms with 4 to 5 years in business,PCT_Firms with 6 to 10 years in business,PCT_Firms with 11 to 15 years in business,PCT_Firms with 16 or more years in business
294,Wisconsin,All firms,103497,100.0,100.0,100.0,100.0,100.0,100.0
295,Wisconsin,"All firms classifiable by gender, ethnicity, race, and veteran status",95638,97.4230493916,96.9185475957,95.9188814712,96.7014064555,92.8675679828,59.135349832
296,Wisconsin,Equally veteran-/nonveteran-owned,4024,2.80601288475,3.1894013739,2.93487844817,3.62744106041,4.59363957597,2.45951726245
297,Wisconsin,Nonveteran-owned,84385,90.6513958482,88.3022571148,86.5726161985,86.2086411009,80.2907512675,50.9165902841
298,Wisconsin,"Publicly held and other firms not classifiable by gender, ethnicity, race, and veteran status",7859,2.57695060845,3.08145240432,4.08111852878,3.29859354447,7.13051159932,40.864650168
299,Wisconsin,Veteran-owned,7229,3.96564065855,5.42688910697,6.42398286938,6.86026510169,7.98509755723,5.74396578063
